{
    "r2": 0.5214018225669861,
    "mae": 4.665780544281006,
    "rmse": 6.091274599886358,
    "r2_median": 0.5161489844322205,
    "mae_median": 4.617602348327637,
    "interval_coverage": 0.7674619143432021,
    "avg_interval_width": 14.396500587463379
}